{"cameraMode":{"drawMode":0,"name":"Shaded","section":"Shading Mode"},"sceneLighting":true,"audioPlay":false,"sceneViewState":{"m_AlwaysRefresh":false,"showFog":true,"showSkybox":true,"showFlares":true,"showImageEffects":true,"showParticleSystems":true,"showVisualEffectGraphs":true,"m_FxEnabled":true},"in2DMode":false,"pivot":{"x":-10.071504592895508,"y":1.1183971166610718,"z":-15.651618003845215},"rotation":{"x":0.034188657999038699,"y":-0.580852210521698,"z":0.024377577006816865,"w":0.8129892945289612},"size":2.1238393783569338,"orthographic":false}