{"cameraMode":{"drawMode":0,"name":"Shaded","section":"Shading Mode"},"sceneLighting":true,"audioPlay":false,"sceneViewState":{"m_AlwaysRefresh":false,"showFog":true,"showSkybox":true,"showFlares":true,"showImageEffects":true,"showParticleSystems":true,"showVisualEffectGraphs":true,"m_FxEnabled":true},"in2DMode":false,"pivot":{"x":873.8150634765625,"y":448.8313903808594,"z":-1106.3662109375},"rotation":{"x":0.049481116235256198,"y":-0.00685793487355113,"z":0.0003249638248234987,"w":0.9988001585006714},"size":382.1492004394531,"orthographic":false}