{"cameraMode":{"drawMode":0,"name":"Shaded","section":"Shading Mode"},"sceneLighting":true,"audioPlay":false,"sceneViewState":{"m_AlwaysRefresh":false,"showFog":true,"showSkybox":true,"showFlares":true,"showImageEffects":true,"showParticleSystems":true,"showVisualEffectGraphs":true,"m_FxEnabled":true},"in2DMode":false,"pivot":{"x":-7.7712531089782719,"y":1.065432071685791,"z":-15.756608963012696},"rotation":{"x":0.019743097946047784,"y":-0.9784899950027466,"z":0.17229722440242768,"w":0.11205809563398361},"size":0.8493349552154541,"orthographic":false}