{"cameraMode":{"drawMode":0,"name":"Shaded","section":"Shading Mode"},"sceneLighting":true,"audioPlay":false,"sceneViewState":{"m_AlwaysRefresh":false,"showFog":true,"showSkybox":true,"showFlares":true,"showImageEffects":true,"showParticleSystems":true,"showVisualEffectGraphs":true,"m_FxEnabled":true},"in2DMode":false,"pivot":{"x":375.9869689941406,"y":480.38641357421877,"z":-1110.071533203125},"rotation":{"x":0.049481116235256198,"y":-0.00685793487355113,"z":0.0003249638248234987,"w":0.9988001585006714},"size":1093.075439453125,"orthographic":false}