{"cameraMode":{"drawMode":0,"name":"Shaded","section":"Shading Mode"},"sceneLighting":true,"audioPlay":false,"sceneViewState":{"m_AlwaysRefresh":false,"showFog":true,"showSkybox":true,"showFlares":true,"showImageEffects":true,"showParticleSystems":true,"showVisualEffectGraphs":true,"m_FxEnabled":true},"in2DMode":false,"pivot":{"x":-12.0692138671875,"y":1.7422866821289063,"z":-0.3185310363769531},"rotation":{"x":-0.048446305096149448,"y":-0.6740589737892151,"z":0.044314537197351459,"w":-0.7358365058898926},"size":16.211605072021486,"orthographic":false}