{"cameraMode":{"drawMode":0,"name":"Shaded","section":"Shading Mode"},"sceneLighting":true,"audioPlay":false,"sceneViewState":{"m_AlwaysRefresh":false,"showFog":true,"showSkybox":true,"showFlares":true,"showImageEffects":true,"showParticleSystems":true,"showVisualEffectGraphs":true,"m_FxEnabled":true},"in2DMode":false,"pivot":{"x":-8.095486640930176,"y":-0.02016650140285492,"z":-15.532380104064942},"rotation":{"x":0.09147278219461441,"y":0.37726762890815737,"z":-0.03744684159755707,"w":0.9208512306213379},"size":1.9907892942428589,"orthographic":false}