{"cameraMode":{"drawMode":0,"name":"Shaded","section":"Shading Mode"},"sceneLighting":true,"audioPlay":false,"sceneViewState":{"m_AlwaysRefresh":false,"showFog":true,"showSkybox":true,"showFlares":true,"showImageEffects":true,"showParticleSystems":true,"showVisualEffectGraphs":true,"m_FxEnabled":true},"in2DMode":false,"pivot":{"x":-127.27949523925781,"y":1.2127304077148438,"z":-30.922271728515626},"rotation":{"x":0.19093799591064454,"y":-0.2724186182022095,"z":0.05525821074843407,"w":0.9414577484130859},"size":90.94049072265625,"orthographic":false}