{"cameraMode":{"drawMode":0,"name":"Shaded","section":"Shading Mode"},"sceneLighting":false,"audioPlay":false,"sceneViewState":{"m_AlwaysRefresh":false,"showFog":true,"showSkybox":false,"showFlares":true,"showImageEffects":true,"showParticleSystems":true,"showVisualEffectGraphs":true,"m_FxEnabled":true},"in2DMode":false,"pivot":{"x":-5.599709510803223,"y":56.25511169433594,"z":-18.522808074951173},"rotation":{"x":-0.0020821290090680124,"y":-0.9915279746055603,"z":0.12893380224704743,"w":-0.016073981299996377},"size":26.898284912109376,"orthographic":false}