{"cameraMode":{"drawMode":0,"name":"Shaded","section":"Shading Mode"},"sceneLighting":false,"audioPlay":false,"sceneViewState":{"m_AlwaysRefresh":false,"showFog":true,"showSkybox":false,"showFlares":true,"showImageEffects":true,"showParticleSystems":true,"showVisualEffectGraphs":true,"m_FxEnabled":true},"in2DMode":false,"pivot":{"x":-8.389893531799317,"y":0.7520167231559753,"z":-17.004261016845704},"rotation":{"x":-0.03206701949238777,"y":0.9676619172096252,"z":-0.16442252695560456,"w":-0.18870796263217927},"size":0.8721060752868652,"orthographic":false}